xmin	xmax	clickSelects	group
0.0454545454545455	0.136363636363636	1	1
0.136363636363636	0.227272727272727	2	1
0.227272727272727	0.318181818181818	3	1
0.318181818181818	0.409090909090909	4	1
0.409090909090909	0.5	5	1
0.5	0.590909090909091	6	1
0.590909090909091	0.681818181818182	7	1
0.681818181818182	0.772727272727273	8	1
0.772727272727273	0.863636363636364	9	1
0.863636363636364	0.954545454545455	10	1
